{"cameraMode":{"drawMode":0,"name":"Shaded","section":"Shading Mode"},"sceneLighting":true,"audioPlay":false,"sceneViewState":{"showFog":true,"showMaterialUpdate":false,"showSkybox":true,"showFlares":true,"showImageEffects":true,"showParticleSystems":true},"in2DMode":false,"pivot":{"x":0.0656743049621582,"y":2.7143266201019289,"z":1.6201441287994385},"rotation":{"x":0.0101951714605093,"y":-0.3339470624923706,"z":0.003612261964008212,"w":0.9425297975540161},"size":3.710472822189331,"orthographic":false}