{"cameraMode":{"drawMode":0,"name":"Shaded","section":"Shading Mode"},"sceneLighting":false,"audioPlay":false,"sceneViewState":{"showFog":true,"showMaterialUpdate":false,"showSkybox":false,"showFlares":true,"showImageEffects":true,"showParticleSystems":true},"in2DMode":false,"pivot":{"x":0.5371517539024353,"y":0.1258576363325119,"z":-0.09490638971328736},"rotation":{"x":-0.02615409903228283,"y":0.41905710101127627,"z":-0.012076640501618386,"w":-0.9075028300285339},"size":0.13038873672485352,"orthographic":false}