{"cameraMode":{"drawMode":0,"name":"Shaded","section":"Shading Mode"},"sceneLighting":true,"audioPlay":false,"sceneViewState":{"showFog":true,"showMaterialUpdate":false,"showSkybox":true,"showFlares":true,"showImageEffects":true,"showParticleSystems":true},"in2DMode":false,"pivot":{"x":-928.1403198242188,"y":-99.96678161621094,"z":2.419097423553467},"rotation":{"x":0.17929068207740785,"y":0.34190547466278078,"z":-0.06639109551906586,"w":0.920080304145813},"size":0.776142954826355,"orthographic":false}