{"cameraMode":{"drawMode":0,"name":"Shaded","section":"Shading Mode"},"sceneLighting":false,"audioPlay":false,"sceneViewState":{"showFog":true,"showMaterialUpdate":false,"showSkybox":false,"showFlares":true,"showImageEffects":true,"showParticleSystems":true},"in2DMode":false,"pivot":{"x":0.5523234605789185,"y":0.07351111620664597,"z":-0.08499857783317566},"rotation":{"x":-0.05912182107567787,"y":0.4074494242668152,"z":-0.026444075629115106,"w":-0.9109283089637756},"size":0.7303886413574219,"orthographic":false}