{"cameraMode":{"drawMode":0,"name":"Shaded","section":"Shading Mode"},"sceneLighting":true,"audioPlay":false,"sceneViewState":{"showFog":true,"showMaterialUpdate":false,"showSkybox":true,"showFlares":true,"showImageEffects":true,"showParticleSystems":true},"in2DMode":false,"pivot":{"x":-15.699132919311524,"y":-0.8569722175598145,"z":-0.32572364807128909},"rotation":{"x":0.018903760239481927,"y":-0.29976561665534975,"z":0.005941393785178661,"w":0.9538070559501648},"size":24.73357582092285,"orthographic":false}