{"cameraMode":{"drawMode":0,"name":"Shaded","section":"Shading Mode"},"sceneLighting":true,"audioPlay":false,"sceneViewState":{"showFog":true,"showMaterialUpdate":false,"showSkybox":true,"showFlares":true,"showImageEffects":true,"showParticleSystems":true},"in2DMode":false,"pivot":{"x":-1047.114501953125,"y":-777.9473876953125,"z":-242.6558074951172},"rotation":{"x":0.19474594295024873,"y":-0.7394887804985046,"z":0.24140194058418275,"w":0.5974575281143189},"size":1481.384765625,"orthographic":false}