{"cameraMode":{"drawMode":0,"name":"Shaded","section":"Shading Mode"},"sceneLighting":false,"audioPlay":false,"sceneViewState":{"showFog":true,"showMaterialUpdate":false,"showSkybox":false,"showFlares":true,"showImageEffects":true,"showParticleSystems":true},"in2DMode":false,"pivot":{"x":12.444999694824219,"y":2.8038697242736818,"z":-12.44999885559082},"rotation":{"x":-0.02615409903228283,"y":0.41905710101127627,"z":-0.012076640501618386,"w":-0.9075028300285339},"size":71.14495849609375,"orthographic":false}