{"cameraMode":{"drawMode":0,"name":"Shaded","section":"Shading Mode"},"sceneLighting":false,"audioPlay":false,"sceneViewState":{"showFog":true,"showMaterialUpdate":false,"showSkybox":false,"showFlares":true,"showImageEffects":true,"showParticleSystems":true},"in2DMode":false,"pivot":{"x":498.7864990234375,"y":743.977783203125,"z":283.628173828125},"rotation":{"x":0.068324513733387,"y":0.026027489453554155,"z":-0.0017836223123595119,"w":0.9973220229148865},"size":15003.505859375,"orthographic":false}